{"cameraMode":{"drawMode":0,"name":"Shaded","section":"Shading Mode"},"sceneLighting":true,"audioPlay":false,"sceneViewState":{"showFog":false,"showMaterialUpdate":false,"showSkybox":false,"showFlares":false,"showImageEffects":false,"showParticleSystems":false},"in2DMode":false,"pivot":{"x":-1.576448678970337,"y":1.5554667711257935,"z":0.06670629978179932},"rotation":{"x":0.11519677937030792,"y":-0.028306398540735246,"z":0.00328390346840024,"w":0.9929350018501282},"size":5.155673980712891,"orthographic":false}