{"cameraMode":{"drawMode":0,"name":"Shaded","section":"Shading Mode"},"sceneLighting":true,"audioPlay":false,"sceneViewState":{"showFog":false,"showMaterialUpdate":false,"showSkybox":false,"showFlares":false,"showImageEffects":false,"showParticleSystems":false},"in2DMode":false,"pivot":{"x":-0.6879845857620239,"y":1.920656442642212,"z":0.20350739359855653},"rotation":{"x":0.11519677937030792,"y":-0.028306398540735246,"z":0.00328390346840024,"w":0.9929350018501282},"size":4.555673599243164,"orthographic":false}