{"cameraMode":{"drawMode":0,"name":"Shaded","section":"Shading Mode"},"sceneLighting":true,"audioPlay":false,"sceneViewState":{"showFog":false,"showMaterialUpdate":false,"showSkybox":false,"showFlares":false,"showImageEffects":false,"showParticleSystems":false},"in2DMode":false,"pivot":{"x":0.6243380904197693,"y":1.02493155002594,"z":0.1339319497346878},"rotation":{"x":0.14284582436084748,"y":-0.11375153064727783,"z":0.016528328880667688,"w":0.9830518364906311},"size":5.357959747314453,"orthographic":false}