{"cameraMode":{"drawMode":0,"name":"Shaded","section":"Shading Mode"},"sceneLighting":true,"audioPlay":false,"sceneViewState":{"showFog":false,"showMaterialUpdate":false,"showSkybox":false,"showFlares":false,"showImageEffects":false,"showParticleSystems":false},"in2DMode":false,"pivot":{"x":1.0811346769332886,"y":1.9648725986480713,"z":0.3996882736682892},"rotation":{"x":0.05089084431529045,"y":-0.05839094892144203,"z":0.002980516292154789,"w":0.9969932436943054},"size":3.4175593852996828,"orthographic":false}